{
  "resultats": {
    "Dummy (Stratified)": {
      "f1": 0.18534354181167345,
      "precision": 0.10213698630136986,
      "recall": 1.0,
      "accuracy": 0.10213698630136986,
      "auc_roc": 0.5015291140138997,
      "auc_pr": 0.10242576834578823,
      "tp": 7456,
      "fp": 65544,
      "fn": 0,
      "tn": 0,
      "threshold_f1": 0.0,
      "threshold_economic": 0.01,
      "f1_at_threshold": 0.185343541643506,
      "saving_pct": -1.4364270386266094,
      "cost_with_model": 37815500.0,
      "cost_no_model": 37280000.0,
      "stability_recall_std": 0.0,
      "stable": true,
      "calibrated": false
    },
    "Logistic Regression": {
      "f1": 0.22148219554231297,
      "precision": 0.14157672629495463,
      "recall": 0.5084495708154506,
      "accuracy": 0.6349178082191781,
      "auc_roc": 0.6044653574291934,
      "auc_pr": 0.14761498563157932,
      "tp": 3791,
      "fp": 22986,
      "fn": 3665,
      "tn": 42558,
      "threshold_f1": 0.10209043697758335,
      "threshold_economic": 0.12326633165829146,
      "f1_at_threshold": 0.2214821952015849,
      "saving_pct": 5.500268240343348,
      "cost_with_model": 35229500.0,
      "cost_no_model": 37280000.0,
      "stability_recall_std": 0.006068186875942012,
      "stable": true,
      "calibrated": true
    },
    "HistGradientBoosting": {
      "f1": 0.21935559187485407,
      "precision": 0.14018203521336914,
      "recall": 0.5040236051502146,
      "accuracy": 0.6335890410958904,
      "auc_roc": 0.6043760902891168,
      "auc_pr": 0.1451363453243723,
      "tp": 3758,
      "fp": 23050,
      "fn": 3698,
      "tn": 42494,
      "threshold_f1": 0.10119678738047033,
      "threshold_economic": 0.12326633165829146,
      "f1_at_threshold": 0.21935559153434853,
      "saving_pct": 5.258851931330472,
      "cost_with_model": 35319500.0,
      "cost_no_model": 37280000.0,
      "stability_recall_std": 0.03295462373555651,
      "stable": true,
      "calibrated": true
    },
    "Random Forest": {
      "f1": 0.2203940504933083,
      "precision": 0.14168550952362702,
      "recall": 0.4958422746781116,
      "accuracy": 0.6417123287671233,
      "auc_roc": 0.6043441297288615,
      "auc_pr": 0.14353251752706664,
      "tp": 3697,
      "fp": 22396,
      "fn": 3759,
      "tn": 43148,
      "threshold_f1": 0.10217224997770769,
      "threshold_economic": 0.12326633165829146,
      "f1_at_threshold": 0.2203940501476072,
      "saving_pct": 5.156920600858369,
      "cost_with_model": 35357500.0,
      "cost_no_model": 37280000.0,
      "stability_recall_std": 0.04629898300617577,
      "stable": true,
      "calibrated": true
    },
    "XGBoost": {
      "f1": 0.220479758378347,
      "precision": 0.14070724293869077,
      "recall": 0.5091201716738197,
      "accuracy": 0.6323013698630137,
      "auc_roc": 0.6045137208226011,
      "auc_pr": 0.14504630820578102,
      "tp": 3796,
      "fp": 23182,
      "fn": 3660,
      "tn": 42362,
      "threshold_f1": 0.10254462560017903,
      "threshold_economic": 0.12326633165829146,
      "f1_at_threshold": 0.22047975803905726,
      "saving_pct": 5.299087982832618,
      "cost_with_model": 35304500.0,
      "cost_no_model": 37280000.0,
      "stability_recall_std": 0.023499924717729437,
      "stable": true,
      "calibrated": true
    },
    "LightGBM": {
      "f1": 0.21905668071224685,
      "precision": 0.13737256640185483,
      "recall": 0.5403701716738197,
      "accuracy": 0.6064794520547945,
      "auc_roc": 0.6038262168201134,
      "auc_pr": 0.14484971530852425,
      "tp": 4029,
      "fp": 25300,
      "fn": 3427,
      "tn": 40244,
      "threshold_f1": 0.09847215580345244,
      "threshold_economic": 0.12326633165829146,
      "f1_at_threshold": 0.21905668038903178,
      "saving_pct": 5.34200643776824,
      "cost_with_model": 35288500.0,
      "cost_no_model": 37280000.0,
      "stability_recall_std": 0.031202948411710712,
      "stable": true,
      "calibrated": true
    },
    "SMOTE + LogReg": {
      "f1": 0.2131467955971608,
      "precision": 0.14317961947758787,
      "recall": 0.4168454935622318,
      "accuracy": 0.6856575342465754,
      "auc_roc": 0.5933824463951484,
      "auc_pr": 0.13919075204296888,
      "tp": 3108,
      "fp": 18599,
      "fn": 4348,
      "tn": 46945,
      "threshold_f1": 0.10870162928476623,
      "threshold_economic": 0.11341708542713567,
      "f1_at_threshold": 0.21314679521655858,
      "saving_pct": 4.5667918454935625,
      "cost_with_model": 35577500.0,
      "cost_no_model": 37280000.0,
      "stability_recall_std": 0.0019921962313234013,
      "stable": true,
      "calibrated": true
    },
    "SMOTE + HistGBM": {
      "f1": 0.2151435712979333,
      "precision": 0.1392110453648915,
      "recall": 0.47331008583690987,
      "accuracy": 0.6472876712328767,
      "auc_roc": 0.594184099055891,
      "auc_pr": 0.14068315684859323,
      "tp": 3529,
      "fp": 21821,
      "fn": 3927,
      "tn": 43723,
      "threshold_f1": 0.10156794650884539,
      "threshold_economic": 0.11834170854271357,
      "f1_at_threshold": 0.2151435709466906,
      "saving_pct": 4.62043991416309,
      "cost_with_model": 35557500.0,
      "cost_no_model": 37280000.0,
      "stability_recall_std": 0.0,
      "stable": true,
      "calibrated": true
    },
    "Ensemble": {
      "f1": 0.22090275316081767,
      "precision": 0.14165025003788453,
      "recall": 0.501475321888412,
      "accuracy": 0.6387123287671232,
      "auc_roc": 0.6061378877813103,
      "auc_pr": 0.14782454467801015,
      "tp": 3739,
      "fp": 22657,
      "fn": 3717,
      "tn": 42887,
      "threshold_f1": 0.10272686832645744,
      "threshold_economic": 0.12326633165829146,
      "f1_at_threshold": 0.2209027528173346,
      "saving_pct": 5.34200643776824,
      "cost_with_model": 35288500.0,
      "cost_no_model": 37280000.0,
      "stability_recall_std": 0.0,
      "stable": true,
      "calibrated": true
    }
  },
  "meilleur": "Ensemble",
  "cout_hypotheses": {
    "fn": 5000,
    "tp": 1500,
    "fp": 500
  },
  "selection_critere": "AUC-PR",
  "model_hash": "ac9d1d46dacc"
}